{
  "currencies": {
    "EUR/USD": 1.120199,
    "GBP/USD": 1.304649,
    "USD/CHF": 0.984286,
    "USD/JPY": 112.175823,
    "AUD/USD": 0.677025,
    "NZD/USD": 0.648999,
    "CAD/CHF": 0.744244,
    "CAD/JPY": 84.706831,
    "CHF/JPY": 114.252908,
    "EUR/AUD": 1.712235,
    "EUR/CAD": 1.502292,
    "EUR/CHF": 1.072143,
    "EUR/GBP": 0.874086,
    "EUR/JPY": 121.346875,
    "EUR/NZD": 1.787336,
    "GBP/AUD": 1.981400,
    "GBP/CAD": 1.732194,
    "NZD/CAD": 0.861681,
    "NZD/CHF": 0.631029,
    "NZD/JPY": 71.310905
  }
}
